{"players":{"player_u4ych8ags":{"x":276.13811283756667,"y":217.45186876563326,"health":[],"mana":[],"inventory":[],"color":""},"player_2u8clohlt":{"x":231.6460955893617,"y":210.90289147284625,"health":[],"mana":[],"inventory":[],"color":""},"player_f9pfhfib7":{"x":544.724132227423,"y":41.98137037265759,"health":[],"mana":[],"inventory":[],"color":""},"player_306vs962u":{"x":525.9207537495686,"y":371.41867755949414,"health":[],"mana":[],"inventory":[],"color":""},"player_ivr6iyb0g":{"x":231.75622772416062,"y":185.02201103425799,"health":[],"mana":[],"inventory":[],"color":""},"player_4zj7qeio8":{"x":253.15927836252285,"y":472.322610015809,"health":[],"mana":[],"inventory":[],"color":""},"player_uawwk5o74":{"x":169.66338365143923,"y":47.532689675011476,"health":[],"mana":[],"inventory":[],"color":""},"player_w5knhm131":{"x":586.8135503217595,"y":437.10863743031246,"health":[],"mana":[],"inventory":[],"color":""},"player_bsw11wz5i":{"x":404.5853721936066,"y":166.71536841645315,"health":[],"mana":[],"inventory":[],"color":""},"player_6d2its6aj":{"x":677.8263097512298,"y":435.1799299256638,"health":[],"mana":[],"inventory":[],"color":""},"player_bx1ar3ig7":{"x":512.1352840671923,"y":275.84809681160357,"health":[],"mana":[],"inventory":[],"color":""},"player_ixl06zjsf":{"x":341.1903760005205,"y":459.545982355563,"health":[],"mana":[],"inventory":[],"color":""},"player_tfbp1i5cn":{"x":336.9168375461844,"y":131.37518020640505,"health":[],"mana":[],"inventory":[],"color":""},"player_jcbpbc5mz":{"x":507.03677426988054,"y":222.7000433747213,"health":[],"mana":[],"inventory":[],"color":""},"player_lb56ejcr0":{"x":372.33353486894936,"y":96.15275778581409,"health":[],"mana":[],"inventory":[],"color":""}}}